x,y,group
99.0,42.0,A
145.0,82.0,A
99.0,42.0,A
149.0,3.0,A
160.0,10.0,A
168.0,20.0,A
144.0,20.0,A
159.0,25.0,A
34.0,61.0,A
32.0,2.0,A
91.0,15.0,A
30.0,64.0,A
29.0,55.0,A
39.0,38.0,A
30.0,20.0,A
162.0,46.0,A
151.0,21.0,A
30.0,64.0,A
28.0,53.0,A
4.0,65.0,A
30.0,20.0,A
36.0,9.0,A
30.0,20.0,A
38.0,32.0,A
30.0,20.0,A
16.0,6.0,A
163.0,73.0,A
24.0,33.0,A
175.0,41.0,A
30.0,20.0,A
112.0,83.0,A
72.0,5.0,A
26.0,54.0,A
23.0,43.0,A
33.0,25.0,A
30.0,20.0,A
68.0,2.0,A
41.0,49.0,A
30.0,64.0,A
27.0,42.0,A
30.0,20.0,A
39.0,4.0,A
41.0,82.0,A
26.0,51.0,A
67.0,77.0,A
68.0,83.0,A
68.0,83.0,A
197.0,30.0,A
195.0,19.0,A
30.0,64.0,A
33.0,83.0,A
195.0,62.0,A
18.0,38.0,A
17.0,81.0,A
30.0,20.0,A
64.0,13.0,A
196.0,58.0,A
174.0,38.0,A
168.0,20.0,A
147.0,76.0,A
127.0,5.0,A
51.0,46.0,A
148.0,70.0,A
17.0,50.0,A
186.0,13.0,A
119.0,20.0,A
197.0,60.0,A
38.0,75.0,A
139.0,27.0,A
162.0,48.0,A
132.0,3.0,A
4.0,62.0,A
155.0,22.0,A
119.0,64.0,A
62.0,11.0,A
5.0,71.0,A
57.0,72.0,A
140.0,50.0,A
194.0,56.0,A
90.0,3.0,A
163.0,26.0,A
171.0,46.0,A
175.0,41.0,A
168.0,64.0,A
119.0,20.0,A
24.0,70.0,A
18.0,45.0,A
196.0,19.0,A
167.0,81.0,A
168.0,20.0,A
150.0,27.0,A
168.0,20.0,A
49.0,66.0,A
99.0,42.0,A
197.0,37.0,A
173.0,33.0,A
99.0,42.0,A
99.0,42.0,A
46.0,83.0,A
155.0,56.0,A
183.0,78.0,A
153.0,35.0,A
160.0,45.0,A
176.0,81.0,A
169.0,58.0,A
7.0,74.0,A
189.0,8.0,A
17.0,28.0,A
30.0,20.0,A
180.0,76.0,A
170.0,51.0,A
171.0,44.0,A
99.0,42.0,A
155.0,82.0,A
19.0,46.0,A
62.0,23.0,A
130.0,22.0,A
195.0,22.0,A
168.0,64.0,A
175.0,65.0,A
193.0,68.0,A
62.0,28.0,A
89.0,4.0,A
156.0,71.0,A
54.0,51.0,A
46.0,23.0,A
30.0,20.0,A
119.0,20.0,A
17.0,6.0,A
182.0,48.0,A
168.0,64.0,A
173.0,52.0,A
190.0,65.0,A
27.0,16.0,A
178.0,55.0,A
173.0,51.0,A
30.0,64.0,A
40.0,66.0,A
19.0,40.0,A
30.0,20.0,A
178.0,80.0,A
178.0,42.0,A
165.0,41.0,A
56.0,3.0,A
22.0,25.0,A
6.0,21.0,A
197.0,57.0,A
184.0,78.0,A
56.0,80.0,A
30.0,64.0,A
27.0,47.0,A
33.0,44.0,A
30.0,20.0,A
30.0,64.0,A
54.0,73.0,A
22.0,40.0,A
18.0,48.0,A
30.0,64.0,A
21.0,44.0,A
46.0,23.0,A
62.0,82.0,A
168.0,20.0,A
190.0,74.0,A
22.0,49.0,A
30.0,20.0,A
178.0,42.0,A
179.0,54.0,A
22.0,41.0,A
4.0,57.0,A
119.0,64.0,A
129.0,69.0,A
99.0,42.0,A
173.0,22.0,A
18.0,78.0,A
138.0,63.0,A
147.0,9.0,A
168.0,20.0,A
29.0,64.0,A
46.0,47.0,A
30.0,64.0,A
57.0,72.0,A
30.0,64.0,A
18.0,40.0,A
30.0,20.0,A
195.0,64.0,A
168.0,64.0,A
139.0,70.0,A
79.0,20.0,A
119.0,64.0,A
119.0,64.0,A
16.0,60.0,A
30.0,64.0,A
169.0,5.0,A
131.0,69.0,A
155.0,47.0,A
168.0,64.0,A
173.0,4.0,A
155.0,30.0,A
164.0,30.0,A
162.0,60.0,A
153.0,37.0,A
164.0,82.0,A
57.0,46.0,A
20.0,44.0,A
195.0,32.0,A
159.0,74.0,A
21.0,73.0,A
54.0,3.0,A
0.0,54.0,A
30.0,64.0,A
197.0,59.0,A
149.0,8.0,A
38.0,56.0,A
38.0,33.0,A
19.0,45.0,A
30.0,64.0,A
26.0,28.0,A
47.0,71.0,A
99.0,42.0,A
91.0,77.0,A
193.0,62.0,A
139.0,18.0,A
168.0,20.0,A
159.0,42.0,A
1.0,30.0,A
6.0,63.0,A
46.0,14.0,A
30.0,20.0,A
119.0,64.0,A
195.0,68.0,A
171.0,76.0,A
168.0,64.0,A
183.0,37.0,A
168.0,20.0,A
174.0,43.0,A
99.0,42.0,A
36.0,56.0,A
99.0,42.0,A
48.0,53.0,A
48.0,61.0,A
168.0,20.0,A
119.0,64.0,A
177.0,44.0,A
168.0,52.0,A
99.0,42.0,A
152.0,43.0,A
130.0,74.0,A
99.0,42.0,A
123.0,52.0,A
99.0,42.0,A
119.0,20.0,A
24.0,19.0,A
99.0,42.0,A
193.0,19.0,A
168.0,64.0,A
144.0,44.0,A
155.0,71.0,A
136.0,14.0,A
99.0,42.0,A
129.0,78.0,A
174.0,46.0,A
172.0,29.0,A
190.0,69.0,A
168.0,20.0,A
195.0,47.0,A
191.0,53.0,A
153.0,15.0,A
180.0,45.0,A
173.0,41.0,A
134.0,48.0,A
166.0,23.0,A
102.0,5.0,A
34.0,22.0,A
99.0,42.0,A
30.0,64.0,A
22.0,47.0,A
11.0,53.0,A
8.0,74.0,A
30.0,20.0,A
5.0,53.0,A
0.0,44.0,A
35.0,21.0,A
142.0,76.0,A
168.0,64.0,A
149.0,11.0,A
128.0,6.0,A
186.0,69.0,A
191.0,72.0,A
157.0,55.0,A
164.0,51.0,A
192.0,71.0,A
150.0,20.0,A
38.0,56.0,A
20.0,12.0,A
11.0,46.0,A
99.0,42.0,A
183.0,7.0,A
129.0,4.0,A
184.0,78.0,A
168.0,64.0,A
70.0,4.0,A
30.0,20.0,A
160.0,21.0,A
168.0,20.0,A
30.0,64.0,A
65.0,28.0,A
1.0,32.0,A
78.0,81.0,A
196.0,33.0,A
190.0,12.0,A
169.0,26.0,A
170.0,7.0,A
173.0,28.0,A
168.0,20.0,A
2.0,27.0,A
119.0,20.0,A
79.0,64.0,A
156.0,4.0,A
161.0,2.0,A
77.0,3.0,A
99.0,42.0,A
90.0,2.0,A
193.0,70.0,A
159.0,2.0,A
176.0,26.0,A
180.0,61.0,A
165.0,22.0,A
46.0,42.0,A
19.0,63.0,A
30.0,20.0,A
33.0,42.0,A
20.0,43.0,A
82.0,4.0,A
61.0,2.0,A
16.0,38.0,A
30.0,20.0,A
30.0,46.0,A
34.0,55.0,A
80.0,3.0,A
61.0,3.0,A
99.0,42.0,A
31.0,24.0,A
79.0,20.0,A
11.0,60.0,A
35.0,33.0,A
34.0,19.0,A
30.0,20.0,A
83.0,3.0,A
176.0,55.0,A
135.0,29.0,A
188.0,37.0,A
100.0,82.0,A
99.0,42.0,A
30.0,64.0,A
57.0,72.0,A
150.0,57.0,A
163.0,7.0,A
131.0,10.0,A
148.0,52.0,A
164.0,6.0,A
168.0,64.0,A
131.0,78.0,A
174.0,65.0,A
141.0,3.0,A
161.0,67.0,A
168.0,64.0,A
169.0,45.0,A
90.0,84.0,A
168.0,20.0,A
162.0,28.0,A
136.0,18.0,A
168.0,20.0,A
154.0,41.0,A
148.0,81.0,A
187.0,76.0,A
189.0,73.0,A
192.0,72.0,A
180.0,43.0,A
167.0,44.0,A
178.0,43.0,A
184.0,40.0,A
180.0,38.0,A
158.0,81.0,A
38.0,77.0,A
30.0,64.0,A
151.0,59.0,A
195.0,31.0,A
155.0,77.0,A
182.0,41.0,A
99.0,42.0,A
148.0,63.0,A
168.0,64.0,A
34.0,71.0,A
74.0,42.0,A
42.0,33.0,A
30.0,20.0,A
37.0,70.0,A
26.0,41.0,A
29.0,83.0,A
8.0,13.0,A
30.0,20.0,A
36.0,66.0,A
28.0,50.0,A
52.0,3.0,A
30.0,21.0,A
18.0,43.0,A
99.0,42.0,A
79.0,64.0,A
21.0,42.0,A
168.0,65.0,A
46.0,45.0,A
29.0,2.0,A
149.0,82.0,A
12.0,51.0,A
99.0,42.0,A
34.0,18.0,A
161.0,29.0,A
135.0,44.0,A
186.0,74.0,A
156.0,40.0,A
134.0,12.0,A
36.0,45.0,A
55.0,42.0,A
132.0,4.0,A
37.0,79.0,A
150.0,43.0,A
41.0,41.0,A
67.0,8.0,A
30.0,20.0,A
15.0,36.0,A
13.0,38.0,A
142.0,82.0,A
56.0,3.0,A
194.0,61.0,A
151.0,83.0,A
134.0,25.0,A
177.0,44.0,A
26.0,42.0,A
45.0,20.0,A
30.0,20.0,A
99.0,42.0,A
79.0,20.0,A
4.0,63.0,A
33.0,83.0,A
193.0,16.0,A
190.0,9.0,A
133.0,52.0,A
168.0,20.0,A
184.0,38.0,A
196.0,33.0,A
179.0,41.0,A
176.0,4.0,A
10.0,8.0,A
193.0,68.0,A
32.0,33.0,A
66.0,69.0,A
59.0,3.0,A
42.0,18.0,A
37.0,76.0,A
30.0,64.0,A
45.0,81.0,A
172.0,39.0,A
69.0,11.0,A
30.0,49.0,A
30.0,64.0,A
31.0,82.0,A
13.0,38.0,A
30.0,20.0,A
9.0,12.0,A
173.0,80.0,A
142.0,64.0,A
24.0,47.0,A
153.0,22.0,A
168.0,20.0,A
192.0,12.0,A
164.0,19.0,A
99.0,42.0,A
99.0,42.0,A
113.0,80.0,A
95.0,59.0,A
19.0,36.0,A
99.0,42.0,A
25.0,2.0,A
68.0,21.0,A
2.0,43.0,A
125.0,3.0,A
197.0,42.0,A
8.0,12.0,A
9.0,13.0,A
30.0,64.0,A
179.0,39.0,A
38.0,25.0,A
168.0,64.0,A
161.0,35.0,A
196.0,36.0,A
162.0,56.0,A
84.0,4.0,A
58.0,54.0,A
175.0,41.0,A
119.0,83.0,A
22.0,23.0,A
67.0,5.0,A
119.0,64.0,A
26.0,41.0,A
190.0,76.0,A
131.0,11.0,A
197.0,47.0,A
172.0,28.0,A
154.0,83.0,A
148.0,42.0,A
193.0,52.0,A
158.0,19.0,A
29.0,42.0,A
18.0,39.0,A
36.0,26.0,A
27.0,55.0,A
41.0,41.0,A
30.0,20.0,A
5.0,19.0,A
77.0,70.0,A
153.0,54.0,A
148.0,68.0,A
178.0,37.0,A
155.0,40.0,A
99.0,42.0,A
4.0,26.0,A
170.0,55.0,A
165.0,47.0,A
177.0,20.0,A
168.0,20.0,A
79.0,20.0,A
174.0,18.0,A
153.0,83.0,A
196.0,49.0,A
39.0,24.0,A
163.0,26.0,A
168.0,20.0,A
164.0,1.0,A
172.0,11.0,A
146.0,26.0,A
130.0,79.0,A
144.0,62.0,A
130.0,62.0,A
177.0,43.0,A
168.0,20.0,A
88.0,1.0,A
30.0,37.0,A
1.0,32.0,A
30.0,26.0,A
1.0,51.0,A
23.0,36.0,A
156.0,57.0,A
133.0,24.0,A
4.0,17.0,A
5.0,30.0,A
30.0,64.0,A
38.0,72.0,A
30.0,64.0,A
60.0,82.0,A
32.0,28.0,A
42.0,39.0,A
25.0,55.0,A
28.0,51.0,A
79.0,64.0,A
96.0,5.0,A
192.0,59.0,A
167.0,49.0,A
168.0,64.0,A
79.0,81.0,A
183.0,48.0,A
99.0,42.0,A
35.0,43.0,A
112.0,3.0,A
168.0,64.0,A
45.0,82.0,A
61.0,75.0,A
17.0,46.0,A
13.0,62.0,A
30.0,64.0,A
31.0,44.0,A
35.0,19.0,A
67.0,78.0,A
23.0,53.0,A
99.0,42.0,A
30.0,70.0,A
167.0,55.0,A
168.0,64.0,A
150.0,60.0,A
194.0,28.0,A
192.0,36.0,A
59.0,17.0,A
30.0,20.0,A
68.0,23.0,A
11.0,8.0,A
82.0,42.0,A
20.0,44.0,A
47.0,82.0,A
38.0,21.0,A
90.0,84.0,A
75.0,79.0,A
79.0,64.0,A
77.0,70.0,A
79.0,64.0,A
73.0,2.0,A
6.0,19.0,A
29.0,47.0,A
139.0,53.0,A
195.0,62.0,A
30.0,5.0,A
20.0,5.0,A
29.0,58.0,A
21.0,38.0,A
32.0,35.0,A
79.0,20.0,A
43.0,81.0,A
23.0,5.0,A
187.0,57.0,A
1.0,49.0,A
1.0,43.0,A
168.0,64.0,A
168.0,64.0,A
160.0,48.0,A
4.0,65.0,A
23.0,5.0,A
30.0,20.0,A
29.0,51.0,A
19.0,33.0,A
64.0,46.0,A
30.0,64.0,A
99.0,42.0,A
5.0,35.0,A
63.0,7.0,A
152.0,27.0,A
166.0,80.0,A
168.0,42.0,A
183.0,57.0,A
30.0,20.0,A
30.0,20.0,A
173.0,40.0,A
192.0,13.0,A
119.0,64.0,A
168.0,64.0,A
174.0,37.0,A
168.0,20.0,A
154.0,7.0,A
163.0,81.0,A
155.0,82.0,A
2.0,31.0,A
3.0,41.0,A
168.0,64.0,A
147.0,81.0,A
131.0,80.0,A
168.0,64.0,A
187.0,78.0,A
180.0,28.0,A
180.0,42.0,A
168.0,20.0,A
168.0,64.0,A
191.0,65.0,A
30.0,64.0,A
110.0,80.0,A
68.0,63.0,A
69.0,67.0,A
26.0,38.0,A
50.0,37.0,A
28.0,61.0,A
30.0,64.0,A
15.0,6.0,A
172.0,43.0,A
177.0,81.0,A
25.0,31.0,A
30.0,20.0,A
155.0,43.0,A
177.0,47.0,A
63.0,70.0,A
173.0,41.0,A
3.0,48.0,A
25.0,46.0,A
9.0,72.0,A
166.0,24.0,A
182.0,67.0,A
138.0,20.0,A
171.0,44.0,A
79.0,20.0,A
11.0,50.0,A
27.0,82.0,A
168.0,20.0,A
172.0,57.0,A
168.0,64.0,A
22.0,67.0,A
69.0,75.0,A
25.0,55.0,A
27.0,49.0,A
12.0,8.0,A
58.0,76.0,A
176.0,37.0,A
180.0,42.0,A
190.0,29.0,A
170.0,43.0,A
132.0,64.0,A
34.0,37.0,A
66.0,25.0,A
89.0,15.0,A
22.0,49.0,A
71.0,11.0,A
65.0,51.0,A
18.0,79.0,A
30.0,64.0,A
3.0,22.0,A
195.0,24.0,A
157.0,7.0,A
40.0,4.0,A
30.0,20.0,A
30.0,20.0,A
18.0,24.0,A
36.0,27.0,A
99.0,42.0,A
30.0,20.0,A
35.0,47.0,A
22.0,81.0,A
23.0,51.0,A
22.0,58.0,A
99.0,42.0,A
134.0,3.0,A
161.0,14.0,A
168.0,20.0,A
129.0,2.0,A
27.0,10.0,A
72.0,3.0,A
65.0,10.0,A
30.0,20.0,A
35.0,31.0,A
128.0,32.0,A
119.0,20.0,A
152.0,30.0,A
70.0,76.0,A
30.0,20.0,A
62.0,8.0,A
62.0,26.0,A
24.0,59.0,A
34.0,82.0,A
32.0,83.0,A
55.0,51.0,A
35.0,45.0,A
32.0,44.0,A
153.0,17.0,A
144.0,81.0,A
79.0,64.0,A
129.0,19.0,A
168.0,64.0,A
183.0,30.0,A
50.0,33.0,A
168.0,20.0,A
153.0,42.0,A
164.0,50.0,A
132.0,44.0,A
168.0,64.0,A
177.0,23.0,A
176.0,52.0,A
119.0,20.0,A
17.0,79.0,A
193.0,69.0,A
195.0,65.0,A
180.0,64.0,A
130.0,7.0,A
108.0,77.0,A
33.0,82.0,A
195.0,36.0,A
165.0,59.0,A
168.0,64.0,A
95.0,22.0,A
168.0,20.0,A
187.0,76.0,A
168.0,64.0,A
171.0,65.0,A
168.0,64.0,A
79.0,64.0,A
156.0,44.0,A
162.0,57.0,A
168.0,64.0,A
148.0,77.0,A
30.0,20.0,A
7.0,13.0,A
65.0,24.0,A
72.0,65.0,A
130.0,68.0,A
134.0,49.0,A
128.0,79.0,A
30.0,64.0,A
19.0,39.0,A
27.0,43.0,A
28.0,34.0,A
136.0,81.0,A
168.0,64.0,A
177.0,2.0,A
173.0,36.0,A
151.0,53.0,A
21.0,7.0,A
71.0,57.0,A
169.0,29.0,A
119.0,64.0,A
118.0,81.0,A
147.0,81.0,A
30.0,20.0,A
30.0,23.0,A
14.0,39.0,A
30.0,20.0,A
66.0,3.0,A
72.0,72.0,A
163.0,15.0,A
149.0,23.0,A
131.0,35.0,A
168.0,20.0,A
2.0,65.0,A
168.0,64.0,A
166.0,34.0,A
99.0,42.0,A
150.0,77.0,A
159.0,28.0,A
140.0,47.0,A
190.0,37.0,A
119.0,20.0,A
2.0,28.0,A
32.0,5.0,A
44.0,66.0,A
30.0,20.0,A
2.0,21.0,A
138.0,73.0,A
174.0,43.0,A
165.0,62.0,A
174.0,42.0,A
168.0,47.0,A
168.0,20.0,A
129.0,17.0,A
164.0,68.0,A
175.0,43.0,A
168.0,64.0,A
169.0,45.0,A
155.0,52.0,A
164.0,76.0,A
160.0,42.0,A
30.0,64.0,A
13.0,39.0,A
99.0,42.0,A
166.0,42.0,A
168.0,20.0,A
168.0,64.0,A
55.0,8.0,A
113.0,81.0,A
11.0,57.0,A
127.0,79.0,A
193.0,19.0,A
14.0,77.0,A
137.0,8.0,A
134.0,56.0,A
191.0,11.0,A
168.0,20.0,A
84.0,70.0,A
105.0,77.0,A
144.0,6.0,A
79.0,64.0,A
170.0,36.0,A
2.0,48.0,A
24.0,31.0,A
5.0,60.0,A
72.0,22.0,A
41.0,39.0,A
29.0,43.0,A
36.0,57.0,A
196.0,56.0,A
176.0,62.0,A
140.0,5.0,A
17.0,45.0,A
168.0,20.0,A
181.0,80.0,A
135.0,67.0,A
166.0,81.0,A
133.0,75.0,A
15.0,16.0,A
171.0,79.0,A
195.0,52.0,A
99.0,42.0,A
3.0,58.0,A
43.0,49.0,A
20.0,38.0,A
55.0,42.0,A
30.0,64.0,A
32.0,43.0,A
28.0,77.0,A
21.0,76.0,A
99.0,42.0,A
32.0,36.0,A
56.0,38.0,A
35.0,46.0,A
30.0,64.0,A
77.0,64.0,A
49.0,46.0,A
30.0,64.0,A
158.0,17.0,A
61.0,43.0,A
49.0,73.0,A
45.0,37.0,A
72.0,81.0,A
45.0,20.0,A
52.0,66.0,A
16.0,71.0,A
16.0,45.0,A
79.0,20.0,A
154.0,42.0,A
167.0,65.0,A
131.0,41.0,A
168.0,20.0,A
183.0,9.0,A
173.0,41.0,A
168.0,54.0,A
168.0,20.0,A
62.0,57.0,A
152.0,20.0,A
15.0,60.0,A
44.0,82.0,A
112.0,43.0,A
168.0,20.0,A
154.0,32.0,A
119.0,20.0,A
2.0,26.0,A
157.0,44.0,A
184.0,12.0,A
168.0,20.0,A
8.0,73.0,A
23.0,37.0,A
3.0,24.0,A
3.0,53.0,A
165.0,81.0,A
148.0,5.0,A
166.0,75.0,A
106.0,7.0,A
168.0,64.0,A
150.0,3.0,A
136.0,44.0,A
99.0,42.0,A
167.0,51.0,A
99.0,42.0,A
79.0,20.0,A
53.0,53.0,A
27.0,37.0,A
158.0,26.0,A
168.0,20.0,A
168.0,20.0,A
135.0,22.0,A
196.0,52.0,A
2.0,27.0,A
13.0,20.0,A
62.0,3.0,A
30.0,64.0,A
59.0,43.0,A
63.0,42.0,A
99.0,42.0,A
2.0,33.0,A
53.0,22.0,A
59.0,16.0,A
47.0,55.0,A
176.0,39.0,A
165.0,49.0,A
168.0,64.0,A
160.0,18.0,A
168.0,20.0,A
151.0,73.0,A
168.0,64.0,A
174.0,36.0,A
135.0,26.0,A
181.0,61.0,A
168.0,20.0,A
134.0,43.0,A
168.0,20.0,A
153.0,21.0,A
135.0,16.0,A
168.0,20.0,A
137.0,69.0,A
99.0,42.0,A
66.0,59.0,A
65.0,42.0,A
30.0,20.0,A
19.0,47.0,A
166.0,82.0,A
138.0,33.0,A
196.0,47.0,A
30.0,20.0,A
21.0,29.0,A
99.0,42.0,A
164.0,42.0,A
181.0,34.0,A
178.0,43.0,A
120.0,82.0,A
189.0,25.0,A
130.0,15.0,A
119.0,64.0,A
147.0,51.0,A
91.0,57.0,A
64.0,68.0,A
173.0,60.0,A
168.0,64.0,A
181.0,63.0,A
184.0,31.0,A
167.0,43.0,A
24.0,48.0,A
66.0,33.0,A
45.0,64.0,A
167.0,33.0,A
168.0,20.0,A
180.0,13.0,A
139.0,70.0,A
133.0,47.0,A
176.0,42.0,A
168.0,20.0,A
170.0,43.0,A
186.0,34.0,A
177.0,62.0,A
177.0,42.0,A
185.0,37.0,A
99.0,42.0,A
168.0,45.0,A
129.0,83.0,A
150.0,47.0,A
166.0,28.0,A
30.0,64.0,A
48.0,64.0,A
168.0,20.0,A
17.0,60.0,A
193.0,62.0,A
15.0,39.0,A
99.0,42.0,A
13.0,75.0,A
178.0,34.0,A
88.0,83.0,A
1.0,51.0,A
153.0,43.0,A
29.0,62.0,A
30.0,64.0,A
196.0,61.0,A
195.0,36.0,A
198.0,54.0,A
173.0,21.0,A
30.0,20.0,A
177.0,53.0,A
20.0,16.0,A
93.0,9.0,A
145.0,26.0,A
37.0,83.0,A
99.0,42.0,A
65.0,72.0,A
43.0,82.0,A
192.0,76.0,A
173.0,46.0,A
160.0,47.0,A
46.0,12.0,A
15.0,7.0,A
44.0,35.0,A
0.0,59.0,A
58.0,4.0,A
22.0,37.0,A
30.0,20.0,A
132.0,10.0,A
22.0,45.0,A
96.0,70.0,A
24.0,16.0,A
175.0,82.0,A
187.0,77.0,A
130.0,40.0,A
144.0,83.0,A
22.0,43.0,A
99.0,42.0,A
67.0,72.0,A
179.0,79.0,A
30.0,20.0,A
23.0,46.0,A
19.0,56.0,A
1.0,55.0,A
19.0,46.0,A
99.0,42.0,A
197.0,35.0,A
181.0,81.0,A
46.0,32.0,A
30.0,20.0,A
41.0,7.0,A
30.0,20.0,A
28.0,33.0,A
21.0,40.0,A
20.0,30.0,A
36.0,55.0,A
57.0,56.0,A
25.0,67.0,A
30.0,64.0,A
30.0,20.0,A
67.0,44.0,A
30.0,64.0,A
60.0,56.0,A
193.0,69.0,A
161.0,67.0,A
43.0,18.0,A
99.0,42.0,A
2.0,38.0,A
41.0,45.0,A
34.0,19.0,A
15.0,10.0,A
51.0,66.0,A
41.0,7.0,A
197.0,33.0,A
77.0,83.0,A
153.0,39.0,A
168.0,20.0,A
168.0,64.0,A
36.0,38.0,A
32.0,7.0,A
30.0,20.0,A
5.0,67.0,A
64.0,3.0,A
155.0,34.0,A
197.0,50.0,A
6.0,15.0,A
141.0,24.0,A
168.0,20.0,A
96.0,82.0,A
171.0,73.0,A
192.0,44.0,A
161.0,83.0,A
133.0,33.0,A
57.0,9.0,A
163.0,2.0,A
1.0,22.0,A
64.0,76.0,A
168.0,64.0,A
167.0,27.0,A
184.0,47.0,A
69.0,19.0,A
146.0,15.0,A
99.0,42.0,A
23.0,27.0,A
82.0,83.0,A
30.0,20.0,A
53.0,49.0,A
30.0,64.0,A
27.0,5.0,A
171.0,29.0,A
168.0,20.0,A
168.0,22.0,A
46.0,67.0,A
49.0,51.0,A
28.0,68.0,A
22.0,68.0,A
99.0,42.0,A
57.0,11.0,A
162.0,78.0,A
123.0,21.0,A
13.0,20.0,A
23.0,70.0,A
157.0,41.0,A
158.0,57.0,A
179.0,50.0,A
25.0,45.0,A
64.0,8.0,A
30.0,20.0,A
34.0,44.0,A
30.0,20.0,A
30.0,20.0,A
193.0,71.0,A
133.0,20.0,A
168.0,40.0,A
172.0,47.0,A
174.0,33.0,A
145.0,44.0,A
177.0,30.0,A
175.0,39.0,A
133.0,25.0,A
168.0,20.0,A
177.0,37.0,A
21.0,62.0,A
67.0,20.0,A
69.0,30.0,A
174.0,36.0,A
65.0,74.0,A
30.0,20.0,A
12.0,15.0,A
35.0,50.0,A
168.0,64.0,A
172.0,49.0,A
98.0,54.0,A
30.0,20.0,A
13.0,52.0,A
79.0,20.0,A
20.0,4.0,A
56.0,43.0,A
23.0,41.0,A
14.0,30.0,A
2.0,16.0,A
32.0,27.0,A
35.0,43.0,A
30.0,20.0,A
54.0,83.0,A
182.0,40.0,A
168.0,64.0,A
185.0,78.0,A
153.0,70.0,A
167.0,49.0,A
168.0,64.0,A
162.0,65.0,A
30.0,20.0,A
30.0,20.0,A
22.0,8.0,A
21.0,20.0,A
161.0,20.0,A
69.0,58.0,A
168.0,64.0,A
173.0,83.0,A
134.0,27.0,A
24.0,43.0,A
54.0,49.0,A
30.0,64.0,A
145.0,2.0,A
145.0,7.0,A
168.0,64.0,A
169.0,25.0,A
178.0,81.0,A
50.0,44.0,A
153.0,1.0,A
41.0,24.0,A
54.0,37.0,A
184.0,34.0,A
99.0,42.0,A
186.0,65.0,A
155.0,83.0,A
180.0,51.0,A
156.0,79.0,A
30.0,20.0,A
60.0,41.0,A
31.0,34.0,A
2.0,30.0,A
105.0,37.0,A
133.0,18.0,A
48.0,41.0,A
45.0,4.0,A
40.0,20.0,A
99.0,42.0,A
170.0,33.0,A
168.0,20.0,A
164.0,7.0,A
18.0,38.0,A
118.0,40.0,A
177.0,49.0,A
168.0,64.0,A
178.0,42.0,A
179.0,35.0,A
145.0,82.0,A
65.0,9.0,A
13.0,8.0,A
44.0,57.0,A
30.0,64.0,A
57.0,65.0,A
30.0,64.0,A
75.0,54.0,A
165.0,49.0,A
173.0,84.0,A
20.0,13.0,A
174.0,67.0,A
30.0,20.0,A
30.0,64.0,A
37.0,55.0,A
18.0,43.0,A
14.0,51.0,A
18.0,39.0,A
13.0,47.0,A
18.0,40.0,A
19.0,46.0,A
33.0,29.0,A
30.0,20.0,A
146.0,58.0,A
188.0,23.0,A
145.0,53.0,A
196.0,65.0,A
94.0,42.0,A
168.0,5.0,A
197.0,18.0,A
16.0,49.0,A
68.0,6.0,A
162.0,16.0,A
180.0,48.0,A
168.0,64.0,A
2.0,22.0,A
2.0,28.0,A
27.0,3.0,A
13.0,49.0,A
162.0,3.0,A
185.0,6.0,A
126.0,59.0,A
21.0,40.0,A
132.0,61.0,A
50.0,45.0,A
34.0,4.0,A
150.0,33.0,A
168.0,20.0,A
169.0,43.0,A
159.0,55.0,A
160.0,26.0,A
99.0,42.0,A
98.0,1.0,A
98.0,2.0,A
98.0,3.0,A
168.0,64.0,A
177.0,65.0,A
148.0,81.0,A
150.0,80.0,A
80.0,68.0,A
194.0,20.0,A
143.0,22.0,A
147.0,15.0,A
146.0,20.0,A
168.0,20.0,A
180.0,49.0,A
168.0,64.0,A
167.0,12.0,A
179.0,52.0,A
168.0,64.0,A
174.0,43.0,A
168.0,20.0,A
136.0,64.0,A
197.0,27.0,A
99.0,42.0,A
112.0,5.0,A
19.0,41.0,A
146.0,5.0,A
128.0,4.0,A
47.0,23.0,A
18.0,43.0,A
30.0,64.0,A
19.0,23.0,A
30.0,20.0,A
38.0,22.0,A
63.0,40.0,A
149.0,66.0,A
165.0,58.0,A
168.0,20.0,A
181.0,28.0,A
181.0,48.0,A
1.0,46.0,A
144.0,81.0,A
190.0,48.0,A
171.0,30.0,A
168.0,20.0,A
24.0,46.0,A
171.0,21.0,A
168.0,20.0,A
61.0,64.0,A
102.0,5.0,A
25.0,79.0,A
14.0,51.0,A
186.0,53.0,A
32.0,35.0,A
17.0,49.0,A
35.0,77.0,A
185.0,22.0,A
39.0,40.0,A
169.0,36.0,A
168.0,20.0,A
138.0,6.0,A
3.0,38.0,A
159.0,13.0,A
195.0,26.0,A
161.0,59.0,A
38.0,43.0,A
177.0,53.0,A
193.0,72.0,A
173.0,49.0,A
19.0,80.0,A
67.0,21.0,A
193.0,29.0,A
72.0,38.0,A
195.0,58.0,A
186.0,69.0,A
183.0,32.0,A
168.0,20.0,A
190.0,25.0,A
179.0,30.0,A
174.0,49.0,A
174.0,34.0,A
133.0,49.0,A
134.0,68.0,A
165.0,82.0,A
153.0,65.0,A
179.0,37.0,A
182.0,43.0,A
168.0,64.0,A
182.0,36.0,A
169.0,6.0,A
172.0,56.0,A
192.0,19.0,A
144.0,79.0,A
168.0,59.0,A
179.0,44.0,A
99.0,42.0,A
165.0,5.0,A
166.0,5.0,A
182.0,79.0,A
135.0,21.0,A
71.0,81.0,A
27.0,26.0,A
35.0,52.0,A
23.0,51.0,A
27.0,82.0,A
4.0,54.0,A
31.0,35.0,A
131.0,7.0,A
99.0,42.0,A
65.0,14.0,A
117.0,4.0,A
93.0,10.0,A
174.0,58.0,A
4.0,21.0,A
30.0,64.0,A
23.0,49.0,A
12.0,38.0,A
173.0,6.0,A
170.0,81.0,A
8.0,20.0,A
168.0,64.0,A
149.0,67.0,A
134.0,39.0,A
146.0,80.0,A
168.0,64.0,A
30.0,20.0,A
151.0,80.0,A
28.0,81.0,A
177.0,52.0,A
168.0,64.0,A
29.0,41.0,A
30.0,20.0,A
31.0,12.0,A
30.0,20.0,A
18.0,57.0,A
28.0,5.0,A
31.0,27.0,A
17.0,56.0,A
30.0,64.0,A
68.0,3.0,A
33.0,71.0,A
7.0,55.0,A
14.0,76.0,A
34.0,67.0,A
145.0,81.0,A
179.0,46.0,A
168.0,64.0,A
23.0,47.0,A
30.0,64.0,A
28.0,35.0,A
175.0,52.0,A
192.0,31.0,A
137.0,46.0,A
186.0,33.0,A
191.0,25.0,A
184.0,39.0,A
155.0,25.0,A
18.0,78.0,A
18.0,53.0,A
34.0,57.0,A
67.0,76.0,A
176.0,33.0,A
168.0,58.0,A
168.0,64.0,A
152.0,59.0,A
159.0,6.0,A
190.0,26.0,A
160.0,43.0,A
149.0,46.0,A
155.0,44.0,A
161.0,41.0,A
168.0,64.0,A
174.0,30.0,A
179.0,52.0,A
168.0,64.0,A
146.0,84.0,A
156.0,33.0,A
146.0,63.0,A
168.0,64.0,A
151.0,63.0,A
170.0,32.0,A
139.0,75.0,A
195.0,34.0,A
54.0,10.0,A
107.0,81.0,A
30.0,20.0,A
57.0,43.0,A
34.0,62.0,A
19.0,40.0,A
16.0,41.0,A
99.0,42.0,A
46.0,62.0,A
30.0,64.0,A
158.0,38.0,A
191.0,35.0,A
21.0,59.0,A
160.0,81.0,A
28.0,82.0,A
168.0,64.0,A
54.0,81.0,A
168.0,64.0,A
150.0,21.0,A
99.0,42.0,A
61.0,62.0,A
48.0,23.0,A
42.0,7.0,A
78.0,5.0,A
197.0,41.0,A
184.0,65.0,A
184.0,20.0,A
136.0,6.0,A
167.0,56.0,A
168.0,64.0,A
48.0,32.0,A
30.0,20.0,A
99.0,42.0,A
157.0,80.0,A
179.0,55.0,A
192.0,62.0,A
27.0,80.0,A
186.0,22.0,A
1.0,38.0,A
26.0,76.0,A
43.0,78.0,A
61.0,9.0,A
177.0,48.0,A
145.0,11.0,A
172.0,32.0,A
15.0,78.0,A
17.0,43.0,A
30.0,20.0,A
73.0,81.0,A
25.0,46.0,A
22.0,30.0,A
43.0,30.0,A
30.0,20.0,A
30.0,20.0,A
44.0,31.0,A
30.0,20.0,A
17.0,35.0,A
27.0,41.0,A
30.0,64.0,A
170.0,79.0,A
183.0,27.0,A
168.0,20.0,A
153.0,60.0,A
165.0,27.0,A
155.0,17.0,A
74.0,3.0,A
63.0,3.0,A
3.0,29.0,A
163.0,79.0,A
7.0,65.0,A
30.0,20.0,A
31.0,65.0,A
30.0,64.0,A
22.0,36.0,A
63.0,50.0,A
99.0,42.0,A
99.0,42.0,A
196.0,32.0,A
172.0,30.0,A
188.0,48.0,A
168.0,64.0,A
192.0,64.0,A
23.0,33.0,A
27.0,52.0,A
175.0,35.0,A
85.0,82.0,A
132.0,43.0,A
148.0,47.0,A
197.0,44.0,A
156.0,31.0,A
168.0,20.0,A
135.0,6.0,A
168.0,20.0,A
122.0,43.0,A
66.0,42.0,A
99.0,42.0,A
82.0,46.0,A
64.0,43.0,A
30.0,64.0,A
5.0,24.0,A
27.0,34.0,A
62.0,19.0,A
152.0,5.0,A
99.0,42.0,A
197.0,38.0,A
36.0,44.0,A
15.0,37.0,A
178.0,43.0,A
168.0,20.0,A
168.0,64.0,A
176.0,24.0,A
16.0,57.0,A
188.0,73.0,A
179.0,41.0,A
119.0,20.0,A
168.0,56.0,A
46.0,45.0,A
15.0,56.0,A
175.0,43.0,A
27.0,44.0,A
167.0,42.0,A
22.0,43.0,A
174.0,48.0,A
26.0,43.0,A
172.0,43.0,A
25.0,42.0,A
173.0,45.0,A
28.0,43.0,A
99.0,42.0,A
154.0,62.0,A
168.0,64.0,A
79.0,64.0,A
192.0,56.0,A
178.0,22.0,A
168.0,20.0,A
171.0,52.0,A
174.0,36.0,A
150.0,8.0,A
168.0,20.0,A
30.0,64.0,A
30.0,64.0,A
134.0,7.0,A
57.0,80.0,A
128.0,42.0,A
194.0,70.0,A
81.0,12.0,A
109.0,26.0,A
168.0,20.0,A
19.0,42.0,A
168.0,64.0,A
158.0,34.0,A
23.0,44.0,A
151.0,73.0,A
168.0,64.0,A
151.0,16.0,A
99.0,42.0,A
184.0,36.0,A
139.0,3.0,A
143.0,2.0,A
58.0,43.0,A
14.0,78.0,A
64.0,79.0,A
56.0,68.0,A
23.0,37.0,A
32.0,37.0,A
22.0,43.0,A
30.0,20.0,A
64.0,76.0,A
53.0,21.0,A
40.0,12.0,A
28.0,36.0,A
179.0,3.0,A
194.0,14.0,A
138.0,59.0,A
83.0,2.0,A
65.0,3.0,A
65.0,13.0,A
130.0,9.0,A
172.0,39.0,A
167.0,25.0,A
158.0,2.0,A
180.0,81.0,A
30.0,20.0,A
149.0,32.0,A
49.0,19.0,A
30.0,20.0,A
178.0,59.0,A
28.0,49.0,A
30.0,64.0,A
64.0,13.0,A
30.0,20.0,A
165.0,73.0,A
184.0,19.0,A
186.0,6.0,A
159.0,62.0,A
148.0,44.0,A
99.0,42.0,A
106.0,1.0,A
183.0,4.0,A
168.0,64.0,A
182.0,20.0,A
99.0,42.0,A
197.0,42.0,A
159.0,82.0,A
168.0,64.0,A
119.0,20.0,A
148.0,24.0,A
113.0,78.0,A
49.0,80.0,A
64.0,35.0,A
9.0,9.0,A
54.0,42.0,A
174.0,84.0,A
154.0,37.0,A
168.0,64.0,A
171.0,31.0,A
119.0,20.0,A
198.0,33.0,A
167.0,44.0,A
167.0,43.0,A
30.0,84.0,A
168.0,20.0,A
170.0,58.0,A
154.0,60.0,A
198.0,58.0,A
154.0,43.0,A
187.0,49.0,A
177.0,44.0,A
166.0,46.0,A
181.0,51.0,A
153.0,72.0,A
168.0,64.0,A
137.0,74.0,A
49.0,65.0,A
30.0,64.0,A
32.0,43.0,A
30.0,64.0,A
198.0,40.0,A
63.0,11.0,A
168.0,20.0,A
154.0,80.0,A
168.0,64.0,A
37.0,26.0,A
175.0,32.0,A
99.0,42.0,A
98.0,84.0,A
154.0,55.0,A
29.0,43.0,A
30.0,64.0,A
162.0,12.0,A
181.0,39.0,A
30.0,64.0,A
49.0,72.0,A
30.0,64.0,A
44.0,17.0,A
30.0,20.0,A
41.0,13.0,A
32.0,29.0,A
30.0,52.0,A
30.0,64.0,A
168.0,64.0,A
147.0,71.0,A
168.0,20.0,A
177.0,24.0,A
185.0,8.0,A
184.0,6.0,A
165.0,33.0,A
168.0,20.0,A
137.0,14.0,A
158.0,0.0,A
168.0,20.0,A
183.0,4.0,A
183.0,81.0,A
111.0,84.0,A
30.0,20.0,A
52.0,80.0,A
34.0,83.0,A
22.0,44.0,A
21.0,45.0,A
15.0,48.0,A
35.0,83.0,A
30.0,64.0,A
57.0,53.0,A
24.0,33.0,A
59.0,40.0,A
53.0,12.0,A
47.0,59.0,A
99.0,42.0,A
153.0,27.0,A
188.0,78.0,A
30.0,0.0,A
54.0,41.0,A
30.0,20.0,A
165.0,48.0,A
23.0,51.0,A
19.0,48.0,A
99.0,42.0,A
185.0,7.0,A
186.0,78.0,A
168.0,20.0,A
119.0,64.0,A
37.0,39.0,A
30.0,20.0,A
99.0,42.0,A
21.0,43.0,A
18.0,47.0,A
24.0,49.0,A
30.0,64.0,A
135.0,39.0,A
184.0,6.0,A
147.0,45.0,A
35.0,28.0,A
30.0,20.0,A
40.0,82.0,A
99.0,46.0,A
168.0,20.0,A
156.0,25.0,A
159.0,18.0,A
164.0,68.0,A
99.0,42.0,A
162.0,56.0,A
178.0,50.0,A
168.0,64.0,A
168.0,20.0,A
135.0,41.0,A
168.0,20.0,A
30.0,20.0,A
144.0,73.0,A
168.0,64.0,A
168.0,20.0,A
164.0,69.0,A
135.0,40.0,A
182.0,29.0,A
30.0,46.0,A
19.0,37.0,A
34.0,46.0,A
153.0,48.0,A
92.0,35.0,A
143.0,45.0,A
27.0,41.0,A
164.0,40.0,A
173.0,41.0,A
20.0,11.0,A
43.0,6.0,A
43.0,83.0,A
58.0,63.0,A
34.0,44.0,A
112.0,60.0,A
135.0,72.0,A
59.0,38.0,A
31.0,27.0,A
3.0,43.0,A
46.0,59.0,A
175.0,37.0,A
119.0,20.0,A
64.0,62.0,A
30.0,64.0,A
38.0,14.0,A
30.0,20.0,A
51.0,24.0,A
138.0,74.0,A
23.0,1.0,A
71.0,56.0,A
124.0,11.0,A
99.0,42.0,A
94.0,1.0,A
168.0,64.0,A
142.0,81.0,A
176.0,32.0,A
136.0,35.0,A
168.0,20.0,A
190.0,11.0,A
197.0,23.0,A
126.0,12.0,A
135.0,25.0,A
168.0,20.0,A
128.0,23.0,A
176.0,46.0,A
177.0,51.0,A
55.0,4.0,A
49.0,31.0,A
58.0,15.0,A
177.0,74.0,A
3.0,23.0,A
14.0,36.0,A
20.0,47.0,A
8.0,74.0,A
21.0,39.0,A
30.0,20.0,A
59.0,58.0,A
30.0,64.0,A
193.0,15.0,A
175.0,41.0,A
169.0,24.0,A
99.0,42.0,A
0.0,61.0,A
132.0,80.0,A
150.0,24.0,A
180.0,41.0,A
99.0,42.0,A
20.0,44.0,A
166.0,1.0,A
138.0,18.0,A
137.0,65.0,A
168.0,64.0,A
189.0,7.0,A
7.0,67.0,A
166.0,82.0,A
173.0,82.0,A
168.0,64.0,A
187.0,70.0,A
141.0,16.0,A
168.0,20.0,A
175.0,36.0,A
168.0,64.0,A
133.0,70.0,A
68.0,1.0,A
50.0,24.0,A
30.0,20.0,A
60.0,74.0,A
30.0,20.0,A
66.0,3.0,A
27.0,61.0,A
30.0,20.0,A
26.0,29.0,A
190.0,71.0,A
19.0,49.0,A
30.0,64.0,A
8.0,75.0,A
25.0,50.0,A
45.0,3.0,A
21.0,46.0,A
61.0,13.0,A
173.0,82.0,A
144.0,60.0,A
1.0,22.0,A
22.0,44.0,A
30.0,20.0,A
24.0,7.0,A
67.0,32.0,A
30.0,64.0,A
60.0,52.0,A
34.0,61.0,A
163.0,64.0,A
26.0,49.0,A
30.0,64.0,A
30.0,20.0,A
63.0,61.0,A
25.0,57.0,A
14.0,22.0,A
30.0,20.0,A
18.0,36.0,A
20.0,44.0,A
22.0,41.0,A
13.0,37.0,A
24.0,57.0,A
9.0,72.0,A
168.0,64.0,A
179.0,44.0,A
158.0,21.0,A
179.0,43.0,A
99.0,42.0,A
1.0,27.0,A
150.0,57.0,A
79.0,64.0,A
168.0,40.0,A
99.0,42.0,A
164.0,27.0,A
99.0,42.0,A
111.0,4.0,A
18.0,78.0,A
168.0,64.0,A
119.0,64.0,A
127.0,63.0,A
177.0,48.0,A
151.0,25.0,A
180.0,50.0,A
140.0,79.0,A
168.0,64.0,A
150.0,57.0,A
168.0,20.0,A
79.0,20.0,A
69.0,42.0,A
179.0,42.0,A
156.0,9.0,A
184.0,27.0,A
168.0,20.0,A
23.0,36.0,A
25.0,57.0,A
190.0,69.0,A
168.0,64.0,A
165.0,46.0,A
197.0,25.0,A
42.0,30.0,A
24.0,32.0,A
30.0,20.0,A
27.0,61.0,A
25.0,47.0,A
28.0,52.0,A
62.0,78.0,A
22.0,40.0,A
21.0,49.0,A
34.0,45.0,A
30.0,20.0,A
30.0,70.0,A
17.0,49.0,A
25.0,43.0,A
15.0,61.0,A
28.0,37.0,A
57.0,25.0,A
30.0,20.0,A
77.0,82.0,A
40.0,47.0,A
15.0,35.0,A
56.0,4.0,A
119.0,20.0,A
123.0,3.0,A
169.0,54.0,A
168.0,64.0,A
25.0,39.0,A
30.0,20.0,A
29.0,24.0,A
18.0,46.0,A
19.0,38.0,A
167.0,49.0,A
136.0,10.0,A
193.0,66.0,A
27.0,67.0,A
168.0,20.0,A
135.0,27.0,A
14.0,3.0,A
125.0,77.0,A
119.0,64.0,A
176.0,29.0,A
21.0,54.0,A
3.0,44.0,A
55.0,67.0,A
28.0,56.0,A
22.0,30.0,A
27.0,32.0,A
0.0,44.0,A
41.0,40.0,A
85.0,82.0,A
30.0,64.0,A
197.0,51.0,A
175.0,35.0,A
177.0,47.0,A
121.0,82.0,A
20.0,42.0,A
19.0,45.0,A
168.0,32.0,A
196.0,25.0,A
135.0,54.0,A
46.0,28.0,A
99.0,42.0,A
31.0,3.0,A
30.0,20.0,A
38.0,39.0,A
168.0,64.0,A
50.0,3.0,A
28.0,42.0,A
45.0,36.0,A
30.0,64.0,A
21.0,43.0,A
30.0,20.0,A
16.0,4.0,A
36.0,39.0,A
28.0,42.0,A
30.0,20.0,A
26.0,45.0,A
26.0,72.0,A
27.0,40.0,A
30.0,64.0,A
29.0,73.0,A
27.0,41.0,A
24.0,30.0,A
30.0,22.0,A
31.0,50.0,A
21.0,44.0,A
39.0,67.0,A
99.0,42.0,A
180.0,37.0,A
168.0,64.0,A
196.0,29.0,A
41.0,59.0,A
21.0,56.0,A
30.0,64.0,A
66.0,56.0,A
49.0,74.0,A
165.0,24.0,A
168.0,64.0,A
196.0,55.0,A
181.0,49.0,A
84.0,58.0,A
30.0,64.0,A
65.0,2.0,A
51.0,3.0,A
3.0,32.0,A
17.0,34.0,A
89.0,80.0,A
30.0,20.0,A
38.0,16.0,A
49.0,44.0,A
31.0,61.0,A
99.0,42.0,A
176.0,47.0,A
27.0,41.0,A
56.0,83.0,A
179.0,33.0,A
177.0,38.0,A
173.0,14.0,A
20.0,48.0,A
23.0,41.0,A
165.0,44.0,A
159.0,43.0,A
194.0,53.0,A
183.0,35.0,A
16.0,6.0,A
164.0,22.0,A
176.0,37.0,A
193.0,44.0,A
182.0,36.0,A
5.0,69.0,A
100.0,4.0,A
155.0,64.0,A
40.0,37.0,A
179.0,29.0,A
146.0,12.0,A
168.0,20.0,A
184.0,79.0,A
119.0,82.0,A
154.0,44.0,A
177.0,49.0,A
152.0,32.0,A
35.0,16.0,A
30.0,20.0,A
71.0,3.0,A
86.0,79.0,A
20.0,71.0,A
11.0,77.0,A
192.0,17.0,A
32.0,2.0,A
21.0,49.0,A
25.0,32.0,A
181.0,48.0,A
197.0,40.0,A
174.0,9.0,A
55.0,48.0,A
126.0,4.0,A
168.0,20.0,A
69.0,81.0,A
34.0,30.0,A
99.0,42.0,A
60.0,2.0,A
194.0,62.0,A
187.0,38.0,A
168.0,20.0,A
196.0,29.0,A
186.0,20.0,A
174.0,25.0,A
11.0,63.0,A
2.0,27.0,A
36.0,40.0,A
153.0,3.0,A
178.0,5.0,A
30.0,20.0,A
83.0,42.0,A
104.0,83.0,A
43.0,4.0,A
59.0,5.0,A
180.0,43.0,A
24.0,42.0,A
3.0,24.0,A
19.0,49.0,A
128.0,83.0,A
133.0,75.0,A
8.0,54.0,A
12.0,50.0,A
30.0,20.0,A
185.0,36.0,A
180.0,7.0,A
191.0,27.0,A
168.0,20.0,A
178.0,47.0,A
171.0,9.0,A
21.0,40.0,A
164.0,15.0,A
182.0,35.0,A
56.0,3.0,A
171.0,8.0,A
164.0,20.0,A
168.0,20.0,A
169.0,83.0,A
148.0,28.0,A
25.0,53.0,A
61.0,16.0,A
30.0,20.0,A
151.0,66.0,A
192.0,70.0,A
194.0,65.0,A
180.0,41.0,A
35.0,9.0,A
13.0,43.0,A
99.0,42.0,A
139.0,55.0,A
32.0,64.0,A
30.0,64.0,A
50.0,82.0,A
65.0,14.0,A
30.0,20.0,A
196.0,67.0,A
115.0,80.0,A
178.0,46.0,A
130.0,71.0,A
144.0,33.0,A
182.0,48.0,A
134.0,46.0,A
159.0,42.0,A
174.0,82.0,A
170.0,48.0,A
28.0,34.0,A
30.0,42.0,A
34.0,43.0,A
30.0,20.0,A
18.0,36.0,A
37.0,41.0,A
24.0,50.0,A
99.0,42.0,A
163.0,45.0,A
99.0,42.0,A
15.0,36.0,A
30.0,20.0,A
139.0,39.0,A
120.0,71.0,A
190.0,73.0,A
63.0,22.0,A
179.0,49.0,A
30.0,64.0,A
116.0,44.0,A
51.0,50.0,A
159.0,45.0,A
168.0,64.0,A
140.0,16.0,A
168.0,64.0,A
172.0,45.0,A
166.0,66.0,A
181.0,40.0,A
182.0,38.0,A
182.0,36.0,A
182.0,43.0,A
119.0,20.0,A
31.0,46.0,A
145.0,77.0,A
184.0,36.0,A
175.0,42.0,A
184.0,41.0,A
99.0,42.0,A
36.0,57.0,A
99.0,42.0,A
14.0,7.0,A
64.0,39.0,A
168.0,64.0,A
29.0,60.0,A
30.0,64.0,A
14.0,50.0,A
197.0,59.0,A
89.0,2.0,A
164.0,56.0,A
47.0,83.0,A
49.0,83.0,A
31.0,74.0,A
37.0,78.0,A
168.0,64.0,A
173.0,42.0,A
180.0,36.0,A
180.0,29.0,A
181.0,50.0,A
99.0,42.0,A
33.0,83.0,A
166.0,76.0,A
168.0,64.0,A
23.0,55.0,A
39.0,43.0,A
30.0,20.0,A
31.0,13.0,A
46.0,67.0,A
38.0,50.0,A
33.0,41.0,A
99.0,42.0,A
44.0,61.0,A
8.0,76.0,A
26.0,29.0,A
72.0,14.0,A
12.0,32.0,A
99.0,42.0,A
114.0,65.0,A
30.0,64.0,A
38.0,5.0,A
22.0,40.0,A
30.0,64.0,A
13.0,69.0,A
44.0,22.0,A
26.0,33.0,A
30.0,20.0,A
0.0,52.0,A
13.0,37.0,A
30.0,20.0,A
159.0,72.0,A
175.0,60.0,A
79.0,20.0,A
173.0,72.0,A
90.0,65.0,A
13.0,35.0,A
99.0,42.0,A
119.0,20.0,A
103.0,61.0,A
168.0,20.0,A
163.0,42.0,A
186.0,59.0,A
168.0,64.0,A
25.0,36.0,A
2.0,27.0,A
55.0,5.0,A
30.0,20.0,A
183.0,7.0,A
168.0,20.0,A
176.0,28.0,A
158.0,80.0,A
160.0,36.0,A
22.0,52.0,A
99.0,42.0,A
43.0,71.0,A
166.0,65.0,A
14.0,30.0,A
29.0,42.0,A
99.0,42.0,A
137.0,65.0,A
178.0,29.0,A
168.0,20.0,A
168.0,20.0,A
197.0,41.0,A
30.0,20.0,A
26.0,64.0,A
52.0,26.0,A
3.0,29.0,A
43.0,23.0,A
168.0,20.0,A
172.0,55.0,A
144.0,70.0,A
179.0,39.0,A
170.0,39.0,A
30.0,44.0,A
119.0,64.0,A
194.0,18.0,A
178.0,45.0,A
99.0,42.0,A
196.0,57.0,A
168.0,34.0,A
180.0,39.0,A
179.0,39.0,A
168.0,20.0,A
30.0,20.0,A
28.0,46.0,A
119.0,20.0,A
134.0,42.0,A
168.0,20.0,A
175.0,3.0,A
157.0,76.0,A
168.0,64.0,A
172.0,26.0,A
99.0,42.0,A
170.0,79.0,A
177.0,52.0,A
120.0,21.0,A
52.0,9.0,A
185.0,37.0,A
99.0,42.0,A
42.0,3.0,A
155.0,29.0,A
5.0,36.0,A
44.0,32.0,A
30.0,20.0,A
23.0,4.0,A
99.0,42.0,A
27.0,30.0,A
27.0,81.0,A
17.0,42.0,A
12.0,61.0,A
18.0,43.0,A
99.0,42.0,A
18.0,77.0,A
34.0,82.0,A
119.0,64.0,A
186.0,8.0,A
33.0,81.0,A
180.0,66.0,A
181.0,12.0,A
132.0,70.0,A
157.0,67.0,A
79.0,64.0,A
63.0,16.0,A
30.0,20.0,A
100.0,18.0,A
41.0,25.0,A
24.0,49.0,A
3.0,32.0,A
75.0,3.0,A
78.0,16.0,A
98.0,46.0,A
30.0,20.0,A
30.0,20.0,A
9.0,63.0,A
33.0,46.0,A
30.0,64.0,A
168.0,20.0,A
57.0,38.0,A
79.0,64.0,A
8.0,33.0,A
170.0,53.0,A
138.0,59.0,A
164.0,47.0,A
176.0,36.0,A
142.0,72.0,A
142.0,75.0,A
53.0,73.0,A
168.0,20.0,A
172.0,44.0,A
38.0,4.0,A
58.0,75.0,A
29.0,58.0,A
157.0,58.0,A
168.0,20.0,A
3.0,26.0,A
181.0,48.0,A
168.0,31.0,A
194.0,34.0,A
19.0,59.0,A
54.0,75.0,A
30.0,64.0,A
25.0,47.0,A
99.0,42.0,A
30.0,20.0,A
30.0,20.0,A
179.0,34.0,A
182.0,35.0,A
173.0,43.0,A
168.0,20.0,A
92.0,17.0,A
194.0,40.0,A
195.0,39.0,A
153.0,42.0,A
192.0,14.0,A
155.0,37.0,A
144.0,16.0,A
34.0,45.0,A
30.0,64.0,A
84.0,23.0,A
31.0,79.0,A
135.0,52.0,A
174.0,46.0,A
165.0,52.0,A
151.0,70.0,A
168.0,64.0,A
44.0,50.0,A
15.0,77.0,A
30.0,64.0,A
168.0,20.0,A
157.0,67.0,A
197.0,43.0,A
3.0,61.0,A
191.0,21.0,A
19.0,35.0,A
18.0,39.0,A
30.0,20.0,A
25.0,61.0,A
15.0,35.0,A
63.0,75.0,A
185.0,30.0,A
84.0,80.0,A
21.0,5.0,A
78.0,7.0,A
66.0,11.0,A
118.0,3.0,A
30.0,20.0,A
30.0,20.0,A
75.0,44.0,A
43.0,4.0,A
99.0,42.0,A
143.0,64.0,A
196.0,24.0,A
17.0,40.0,A
51.0,34.0,A
111.0,80.0,A
168.0,64.0,A
148.0,52.0,A
161.0,44.0,A
120.0,49.0,A
148.0,80.0,A
177.0,50.0,A
179.0,32.0,A
33.0,21.0,A
179.0,36.0,A
99.0,42.0,A
99.0,42.0,A
165.0,67.0,A
85.0,63.0,A
152.0,17.0,A
194.0,65.0,A
165.0,42.0,A
162.0,57.0,A
119.0,20.0,A
30.0,64.0,A
57.0,43.0,A
65.0,5.0,A
6.0,43.0,A
23.0,9.0,A
28.0,54.0,A
47.0,0.0,A
174.0,44.0,A
178.0,9.0,A
193.0,15.0,A
168.0,64.0,A
131.0,66.0,A
43.0,56.0,A
30.0,64.0,A
35.0,60.0,A
173.0,58.0,A
178.0,32.0,A
51.0,75.0,A
56.0,35.0,A
26.0,59.0,A
30.0,64.0,A
79.0,64.0,A
60.0,6.0,A
27.0,3.0,A
35.0,72.0,A
17.0,36.0,A
30.0,63.0,A
132.0,36.0,A
22.0,60.0,A
30.0,64.0,A
50.0,37.0,A
31.0,66.0,A
59.0,16.0,A
35.0,66.0,A
99.0,42.0,A
37.0,18.0,A
27.0,27.0,A
30.0,20.0,A
40.0,31.0,A
21.0,45.0,A
21.0,38.0,A
30.0,20.0,A
0.0,41.0,A
39.0,44.0,A
4.0,21.0,A
12.0,18.0,A
175.0,53.0,A
151.0,65.0,A
107.0,79.0,A
173.0,25.0,A
186.0,7.0,A
135.0,72.0,A
16.0,69.0,A
17.0,33.0,A
30.0,20.0,A
144.0,24.0,A
174.0,29.0,A
180.0,50.0,A
175.0,31.0,A
20.0,34.0,A
1.0,34.0,A
63.0,24.0,A
32.0,22.0,A
30.0,20.0,A
25.0,82.0,A
22.0,74.0,A
30.0,64.0,A
58.0,38.0,A
30.0,20.0,A
30.0,20.0,A
26.0,47.0,A
30.0,64.0,A
22.0,39.0,A
99.0,42.0,A
45.0,68.0,A
83.0,2.0,A
119.0,20.0,A
28.0,37.0,A
99.0,42.0,A
160.0,63.0,A
8.0,73.0,A
30.0,20.0,A
56.0,3.0,A
82.0,21.0,A
2.0,25.0,A
60.0,39.0,A
30.0,20.0,A
25.0,43.0,A
17.0,43.0,A
28.0,54.0,A
30.0,64.0,A
115.0,2.0,A
57.0,67.0,A
119.0,64.0,A
113.0,4.0,A
61.0,70.0,A
30.0,64.0,A
27.0,54.0,A
24.0,41.0,A
30.0,64.0,A
45.0,16.0,A
10.0,11.0,A
40.0,55.0,A
177.0,53.0,A
178.0,48.0,A
133.0,71.0,A
65.0,73.0,A
30.0,20.0,A
55.0,13.0,A
143.0,18.0,A
25.0,4.0,A
5.0,50.0,A
119.0,64.0,A
1.0,45.0,A
28.0,53.0,A
30.0,64.0,A
0.0,56.0,A
62.0,16.0,A
144.0,27.0,A
61.0,40.0,A
142.0,68.0,A
165.0,38.0,A
181.0,22.0,A
172.0,40.0,A
99.0,42.0,A
165.0,44.0,A
169.0,45.0,A
183.0,38.0,A
99.0,42.0,A
194.0,46.0,A
5.0,58.0,A
175.0,37.0,A
146.0,63.0,A
171.0,49.0,A
149.0,15.0,A
1.0,36.0,A
168.0,35.0,A
28.0,50.0,A
40.0,61.0,A
173.0,57.0,A
81.0,83.0,A
14.0,41.0,A
55.0,66.0,A
34.0,57.0,A
99.0,42.0,A
70.0,74.0,A
128.0,19.0,A
149.0,64.0,A
168.0,64.0,A
124.0,77.0,A
141.0,82.0,A
150.0,44.0,A
131.0,41.0,A
168.0,64.0,A
25.0,38.0,A
99.0,42.0,A
139.0,67.0,A
69.0,82.0,A
168.0,20.0,A
99.0,42.0,A
142.0,31.0,A
171.0,29.0,A
168.0,20.0,A
165.0,21.0,A
164.0,24.0,A
179.0,42.0,A
143.0,70.0,A
145.0,3.0,A
191.0,18.0,A
63.0,66.0,A
30.0,64.0,A
24.0,43.0,A
46.0,3.0,A
137.0,69.0,A
150.0,83.0,A
168.0,20.0,A
147.0,6.0,A
30.0,20.0,A
143.0,79.0,A
163.0,77.0,A
166.0,22.0,A
43.0,43.0,A
1.0,27.0,A
46.0,17.0,A
30.0,20.0,A
99.0,42.0,A
90.0,2.0,A
23.0,36.0,A
1.0,52.0,A
4.0,48.0,A
30.0,64.0,A
28.0,49.0,A
175.0,34.0,A
22.0,35.0,A
171.0,41.0,A
